City_ID,City,Lat,Lng,Max Temp,Humidity,Cloudiness,Wind Speed,Country,Date
0,yulara,-25.2406,130.9889,76.5,43,91,10.22,AU,1681407633
1,mayumba,-3.432,10.6554,80.76,87,95,7.02,GA,1681407633
2,tuktoyaktuk,69.4541,-133.0374,-9.4,77,20,8.05,CA,1681407634
3,bredasdorp,-34.5322,20.0403,62.02,66,0,13.87,ZA,1681407635
4,rikitea,-23.1203,-134.9692,70.75,92,100,2.48,PF,1681407635
5,srednekolymsk,67.45,153.6833,-13.07,100,60,3.2,RU,1681407635
6,ushuaia,-54.8,-68.3,46.02,76,20,3.44,AR,1681407593
7,zabid,14.1951,43.3152,87.48,56,32,7.09,YE,1681407636
8,tasiilaq,65.6145,-37.6368,37.56,90,99,2.55,GL,1681407636
9,talnakh,69.4865,88.3972,-11.07,98,100,7.54,RU,1681407636
10,luderitz,-26.6481,15.1594,62.04,65,32,15.14,NA,1681407637
11,albany,42.6001,-73.9662,84.79,34,0,9.89,US,1681407637
12,bima,-8.4667,118.7167,75.63,96,100,2.57,ID,1681407637
13,georgetown,5.4112,100.3354,85.95,79,20,5.75,MY,1681407557
14,ishim,56.1128,69.4902,26.78,92,89,17.96,RU,1681407363
15,alofi,-19.0595,-169.9187,78.69,83,100,8.05,NU,1681407637
16,torbay,47.6666,-52.7314,35.38,96,100,14.97,CA,1681407356
17,san quintin,30.4833,-115.95,59.27,62,82,16.46,MX,1681407638
18,dikson,73.5069,80.5464,-7.08,98,79,14.0,RU,1681407638
19,qaqortoq,60.7167,-46.0333,36.18,74,100,2.59,GL,1681407638
20,guatavita,4.9366,-73.8331,67.71,65,82,5.39,CO,1681407638
21,kodiak,57.79,-152.4072,36.91,70,100,0.0,US,1681407638
22,mataura,-46.1927,168.8643,52.48,87,44,7.14,NZ,1681407638
23,katsuura,35.1333,140.3,60.58,75,64,14.85,JP,1681407638
24,bilibino,68.0546,166.4372,-13.5,99,92,3.76,RU,1681407638
25,klaksvik,62.2266,-6.589,49.12,84,70,15.43,FO,1681407638
26,barrow,71.2906,-156.7887,-11.18,77,0,8.05,US,1681407639
27,kafr sawm,32.6833,35.8,50.94,83,12,6.58,JO,1681407639
28,ribeira grande,38.5167,-28.7,64.8,88,75,13.0,PT,1681407639
29,dashitou,43.3067,128.5114,35.13,44,32,4.27,CN,1681407639
30,fortuna,40.5982,-124.1573,51.93,70,16,3.0,US,1681407639
31,castelo do piaui,-5.3222,-41.5525,91.85,39,90,5.66,BR,1681407639
32,mbigou,-1.9005,11.906,69.96,96,94,2.24,GA,1681407640
33,birjand,32.8663,59.2211,79.27,11,40,11.5,IR,1681407640
34,hermanus,-34.4187,19.2345,62.8,76,2,11.41,ZA,1681407640
35,scranton,41.409,-75.6624,86.23,28,0,7.0,US,1681407381
36,ustye,59.6304,39.736,29.05,65,29,12.95,RU,1681407640
37,mareeba,-17.0,145.4333,73.44,89,75,1.81,AU,1681407640
38,hithadhoo,-0.6,73.0833,83.68,70,37,7.2,MV,1681407640
39,geraldton,-28.7667,114.6,66.61,63,100,24.16,AU,1681407373
40,vaini,-21.2,-175.2,75.36,94,20,4.61,TO,1681407626
41,krasnozerskoye,53.9828,79.2374,44.85,54,67,5.14,RU,1681407641
42,madinat sittah uktubar,29.8167,31.05,71.2,36,0,10.69,EG,1681407641
43,kot samaba,28.5522,70.4684,90.64,16,0,9.4,PK,1681407641
44,new norfolk,-42.7826,147.0587,52.92,89,34,1.52,AU,1681407641
45,buala,-8.145,159.5921,78.69,86,94,5.77,SB,1681407641
46,isangel,-19.55,169.2667,78.98,87,87,7.65,VU,1681407641
47,talcahuano,-36.7167,-73.1167,58.68,94,100,6.91,CL,1681407641
48,muli,2.9167,73.5667,84.04,72,64,5.08,MV,1681407642
49,egvekinot,66.3167,-179.1667,-9.02,86,91,7.99,RU,1681407642
50,dukat,62.55,155.55,-7.78,99,47,2.71,RU,1681407642
51,severo-kurilsk,50.6789,156.125,31.21,90,95,6.17,RU,1681407626
52,yellowknife,62.456,-114.3525,23.56,86,75,6.91,CA,1681407555
53,port alfred,-33.5906,26.891,62.19,86,91,14.92,ZA,1681407642
54,saskylakh,71.9167,114.0833,-15.99,99,33,5.53,RU,1681407642
55,mount isa,-20.7333,139.5,76.77,23,75,4.61,AU,1681407454
56,jeremie,18.65,-74.1167,80.6,75,55,4.07,HT,1681407643
57,robinson,31.4677,-97.1147,75.02,58,0,9.22,US,1681407643
58,atuona,-9.8,-139.0333,80.19,68,60,5.1,PF,1681407644
59,saint-philippe,-21.3585,55.7679,78.39,83,44,3.56,RE,1681407644
60,port blair,11.6667,92.75,81.14,76,29,4.18,IN,1681407645
61,saldanha,-33.0117,17.9442,64.45,80,23,10.67,ZA,1681407645
62,tashigang,27.3331,91.5542,65.1,54,41,4.34,BT,1681407645
63,ust-tsilma,65.441,52.1498,2.5,98,64,2.75,RU,1681407646
64,soritor,-6.1392,-77.1039,81.86,66,74,3.53,PE,1681407646
65,berasia,23.6333,77.4333,84.65,20,98,11.32,IN,1681407646
66,kaeo,-35.1,173.7833,64.33,95,48,5.73,NZ,1681407646
67,maceio,-9.6658,-35.7353,85.44,70,75,14.97,BR,1681407609
68,cabo san lucas,22.8909,-109.9124,86.61,31,20,12.66,MX,1681407647
69,castro,-24.7911,-50.0119,78.17,49,2,4.63,BR,1681407647
70,punta arenas,-53.15,-70.9167,44.62,75,0,8.05,CL,1681407647
71,iqaluit,63.7506,-68.5145,19.13,79,100,3.44,CA,1681407647
72,bambous virieux,-20.3428,57.7575,77.25,94,40,3.44,MU,1681407647
73,jamestown,42.097,-79.2353,79.52,33,0,14.97,US,1681407641
74,cabral,18.25,-71.2167,84.06,74,40,17.27,DO,1681407648
75,mahebourg,-20.4081,57.7,77.29,94,40,3.44,MU,1681407648
76,kudahuvadhoo,2.6708,72.8944,83.95,71,61,3.71,MV,1681407648
77,namibe,-15.1961,12.1522,75.0,71,3,12.88,AO,1681407648
78,petropavlovsk-kamchatskiy,53.0452,158.6483,28.99,100,100,4.47,RU,1681407648
79,adrar,20.5022,-10.0711,87.84,24,98,12.48,MR,1681407648
80,busselton,-33.65,115.3333,52.38,75,80,17.72,AU,1681407616
81,cherskiy,68.75,161.3,-18.38,100,60,2.86,RU,1681407648
82,pochutla,15.7432,-96.4661,89.82,40,7,9.4,MX,1681407649
83,bluff,-46.6,168.3333,52.81,79,7,17.11,NZ,1681407649
84,provideniya,64.3833,-173.3,-4.52,94,22,5.3,RU,1681407649
85,chokurdakh,70.6333,147.9167,-6.2,99,74,5.35,RU,1681407649
86,ishigaki,24.3448,124.1572,75.33,100,100,3.44,JP,1681407650
87,hilo,19.7297,-155.09,68.25,100,100,5.99,US,1681407493
88,kalawit,8.0667,122.5167,76.44,86,6,1.66,PH,1681407650
89,mar del plata,-38.0023,-57.5575,60.84,58,75,16.11,AR,1681407649
90,maralal,1.0968,36.698,60.13,88,100,8.23,KE,1681407650
91,gornopravdinsk,60.05,69.9,4.14,95,35,3.47,RU,1681407651
92,port lincoln,-34.7333,135.8667,60.78,77,6,13.62,AU,1681407651
93,kenai,60.5544,-151.2583,33.89,93,100,9.22,US,1681407463
94,jamame,0.0722,42.7506,81.91,75,88,9.15,SO,1681407651
95,okha,53.5739,142.9478,27.1,96,99,4.0,RU,1681407651
96,luganville,-15.5333,167.1667,79.14,84,100,3.11,VU,1681407652
97,chuy,-33.6971,-53.4616,63.59,51,90,11.1,UY,1681407642
98,owando,-0.4819,15.8999,76.84,82,86,2.82,CG,1681407652
99,saint george,37.1041,-113.5841,69.44,32,0,9.22,US,1681407652
100,nikolskoye,59.7035,30.7861,42.69,68,100,10.6,RU,1681407652
101,zhigansk,66.7697,123.3711,17.1,94,99,8.9,RU,1681407652
102,tzucacab,20.0667,-89.05,98.04,30,15,2.53,MX,1681407652
103,cururupu,-1.8283,-44.8683,87.01,60,64,5.82,BR,1681407653
104,faanui,-16.4833,-151.75,81.41,72,16,13.6,PF,1681407653
105,aklavik,68.2191,-135.0107,-2.2,65,75,8.05,CA,1681407648
106,sao jose dos campos,-23.1794,-45.8869,82.89,54,40,2.3,BR,1681407532
107,estacion coahuila,32.1939,-115.0017,74.19,21,43,5.68,MX,1681407653
108,cardoso,-20.0819,-49.9142,83.32,61,52,3.58,BR,1681407654
109,san patricio,28.017,-97.5169,80.87,44,0,10.04,US,1681407654
110,erzin,36.9559,36.2,52.81,90,13,4.88,TR,1681407654
111,sadiqabad,28.3062,70.1307,91.31,16,0,8.86,PK,1681407654
112,dubbo,-32.25,148.6167,53.73,87,0,9.22,AU,1681407654
113,hobart,-42.8794,147.3294,53.26,94,100,5.75,AU,1681407618
114,port elizabeth,-33.918,25.5701,66.09,81,0,18.01,ZA,1681407654
115,arona,28.0996,-16.681,71.91,76,0,27.63,ES,1681407654
116,beian,63.6559,9.5683,50.09,57,40,26.46,NO,1681407654
117,christchurch,-43.5333,172.6333,54.32,89,100,8.05,NZ,1681407655
118,xiamen,24.4798,118.0819,68.25,88,75,2.24,CN,1681407655
119,san carlos de bariloche,-41.1456,-71.3082,57.43,46,75,5.75,AR,1681407561
120,mishelevka,52.8575,103.1719,25.34,74,8,6.8,RU,1681407655
121,kungurtug,50.5994,97.5228,16.5,86,97,1.66,RU,1681407655
122,kapaa,22.0752,-159.319,74.1,86,75,14.97,US,1681407655
123,vlasenica,44.1819,18.9406,63.23,69,100,7.65,BA,1681407656
124,strezhevoy,60.7333,77.5889,-2.06,98,54,6.22,RU,1681407656
125,bethel,41.3712,-73.414,87.37,33,0,8.05,US,1681407517
126,gat,31.61,34.7642,61.48,100,2,3.02,IL,1681407656
127,fiumicino,41.7675,12.2291,57.31,72,40,14.97,IT,1681407656
128,forest grove,45.5198,-123.1107,48.58,82,100,3.0,US,1681407657
129,mehamn,71.0357,27.8492,35.55,69,0,16.11,NO,1681407657
130,avarua,-21.2078,-159.775,75.25,73,97,4.61,CK,1681407657
131,palmas,-10.2128,-48.3603,87.67,62,40,5.75,BR,1681407657
132,abashiri,44.0213,144.2697,36.75,64,84,8.05,JP,1681407657
133,san cristobal,7.7669,-72.225,80.78,44,100,7.49,VE,1681407657
134,ushtobe,45.2514,77.9838,53.46,44,84,9.57,KZ,1681407658
135,sola,-13.8833,167.55,81.52,76,100,7.38,VU,1681407658
136,mandalgovi,45.7625,106.2708,21.74,48,0,13.65,MN,1681407658
137,ketchikan,55.3422,-131.6461,37.87,93,100,3.44,US,1681407658
138,narasannapeta,18.4167,84.05,81.81,71,0,5.95,IN,1681407659
139,lompoc,34.6391,-120.4579,63.61,68,0,10.0,US,1681407659
140,canico,32.6333,-16.85,70.12,75,40,9.22,PT,1681407659
141,dunedin,-45.8742,170.5036,54.81,77,88,3.0,NZ,1681407659
142,merauke,-8.4667,140.3333,76.41,90,96,6.4,ID,1681407659
143,camacha,33.0833,-16.3333,65.62,68,40,10.36,PT,1681407659
144,bridgetown,13.1,-59.6167,86.49,58,40,19.57,BB,1681407659
145,cidreira,-30.1811,-50.2056,67.01,85,100,8.95,BR,1681407659
146,bo phloi,14.3236,99.5161,85.28,57,52,4.03,TH,1681407659
147,tilichiki,60.4667,166.1,-14.48,98,38,7.96,RU,1681407659
148,nanortalik,60.1432,-45.2371,35.67,81,100,4.07,GL,1681407646
149,aksu,41.1231,80.2644,57.65,20,9,3.78,CN,1681407660
150,sioux lookout,50.1001,-91.917,44.67,53,100,8.05,CA,1681407660
151,lebu,-37.6167,-73.65,60.19,81,63,8.88,CL,1681407660
152,codrington,-38.2667,141.9667,53.65,95,4,8.12,AU,1681407661
153,roald,62.5833,6.1333,56.32,47,20,13.8,NO,1681407661
154,sikasso,10.9167,-7.0,99.9,11,25,7.52,ML,1681407661
155,ostrovnoy,68.0531,39.5131,15.33,84,13,12.3,RU,1681407661
156,barra da estiva,-13.6261,-41.3269,82.33,38,49,10.22,BR,1681407661
157,buckeye,33.3703,-112.5838,78.71,30,0,8.05,US,1681407425
158,shelburne,44.0787,-80.2041,79.9,45,2,15.59,CA,1681407662
159,tiarei,-17.5333,-149.3333,78.82,69,4,11.48,PF,1681407663
160,cape town,-33.9258,18.4232,67.37,62,40,8.05,ZA,1681407655
161,port hedland,-20.3167,118.5667,82.45,74,100,23.02,AU,1681407664
162,celestun,20.8667,-90.4,81.73,52,3,7.38,MX,1681407664
163,broome,42.2506,-75.833,83.89,33,0,11.01,US,1681407622
164,tuatapere,-46.1333,167.6833,50.27,93,83,4.03,NZ,1681407665
165,dibulla,11.2725,-73.3091,87.53,60,100,11.36,CO,1681407650
166,mahibadhoo,3.7833,72.9667,84.02,75,93,8.16,MV,1681407666
167,thompson,55.7435,-97.8558,33.96,80,75,2.3,CA,1681407409
168,bathsheba,13.2167,-59.5167,86.61,58,40,19.57,BB,1681407666
169,biak,-0.9131,122.8766,77.49,85,50,2.73,ID,1681407667
170,bassar,9.25,0.7833,79.09,68,93,3.31,TG,1681407667
171,road town,18.4167,-64.6167,82.49,61,40,9.22,VG,1681407618
172,khatanga,71.9667,102.5,6.89,84,81,13.6,RU,1681407668
173,san buenaventura,27.0833,-101.5333,79.48,46,40,6.91,MX,1681407668
174,luxor,25.6989,32.6421,75.25,23,0,2.3,EG,1681407668
175,berlevag,70.8578,29.0864,35.6,55,0,27.63,NO,1681407613
176,abha,18.2164,42.5053,64.22,72,0,9.22,SA,1681407562
177,caravelas,-17.7125,-39.2481,81.14,77,45,3.09,BR,1681407669
178,tiksi,71.6872,128.8694,3.16,88,100,4.36,RU,1681407669
179,melo,-32.3667,-54.1833,68.88,36,100,5.64,UY,1681407670
180,los altos,37.3852,-122.1141,60.58,35,0,8.05,US,1681407482
181,victoria,22.2855,114.1577,75.25,89,47,7.07,HK,1681407619
182,sorland,67.667,12.6934,44.46,72,20,21.88,NO,1681407670
183,qaanaaq,77.484,-69.3632,10.04,83,1,2.24,GL,1681407670
184,butaritari,3.0707,172.7902,80.89,80,55,11.9,KI,1681407670
185,makueni,-1.8041,37.6203,64.8,95,86,2.84,KE,1681407671
186,vila franca do campo,37.7167,-25.4333,64.81,77,66,7.85,PT,1681407657
187,portmore,17.9702,-76.8672,86.05,72,20,13.8,JM,1681407671
188,prince rupert,54.3161,-130.3201,38.89,92,100,17.27,CA,1681407671
189,asau,46.4333,26.4,52.72,79,63,2.71,RO,1681407672
190,san vicente,-26.6167,-54.1333,80.11,49,100,3.33,AR,1681407673
191,asfi,32.2994,-9.2372,63.82,69,1,25.41,MA,1681407673
192,carnarvon,-24.8667,113.6333,72.07,70,38,27.87,AU,1681407674
193,shingu,33.7333,135.9833,52.29,70,46,4.34,JP,1681407674
194,amapa,1.0,-52.0,85.21,71,92,3.44,BR,1681407674
195,pringsewu,-5.3582,104.9744,74.62,94,99,5.88,ID,1681407675
196,nemuro,43.3236,145.575,39.81,83,7,22.95,JP,1681407675
197,eyl,7.9803,49.8164,83.14,73,82,9.62,SO,1681407675
198,mayor pablo lagerenza,-19.9309,-60.7718,87.58,54,57,6.22,PY,1681407675
199,kahului,20.8947,-156.47,74.84,77,0,3.44,US,1681407675
200,calama,-22.4667,-68.9333,72.09,13,0,16.11,CL,1681407514
201,mount gambier,-37.8333,140.7667,53.04,94,0,5.17,AU,1681407676
202,astoria,46.1879,-123.8313,46.9,75,100,5.75,US,1681407676
203,ucluelet,48.9329,-125.5528,47.08,79,100,1.01,CA,1681407511
204,airai,-8.9266,125.4092,60.58,94,50,1.95,TL,1681407677
205,bengkulu,-3.8004,102.2655,76.55,88,92,3.11,ID,1681407678
206,terekli-mekteb,44.1671,45.8698,54.09,69,100,13.6,RU,1681407678
207,nhulunbuy,-12.2333,136.7667,75.81,94,40,0.0,AU,1681407678
208,tura,25.5198,90.2201,78.48,23,23,4.16,IN,1681407651
209,altagracia de orituco,9.8601,-66.3814,93.24,30,92,8.21,VE,1681407679
210,matara,5.9485,80.5353,79.14,87,46,4.81,LK,1681407679
211,sao filipe,14.8961,-24.4956,73.63,77,52,6.8,CV,1681407679
212,porosozero,62.7191,32.727,23.95,85,9,8.25,RU,1681407679
213,lewiston,44.1003,-70.2148,76.71,34,0,6.91,US,1681407679
214,mangrol,21.1167,70.1167,80.46,66,99,13.15,IN,1681407679
215,norman wells,65.282,-126.8329,10.44,72,100,9.22,CA,1681407679
216,ippy,6.2679,21.2247,70.0,94,94,2.64,CF,1681407680
217,sosnovka,56.255,51.2842,36.52,75,33,12.64,RU,1681407680
218,progreso,21.2833,-89.6667,86.11,51,0,10.76,MX,1681407681
219,abu dhabi,24.4667,54.3667,89.71,58,0,3.44,AE,1681407492
220,saquarema,-22.92,-42.5103,87.94,73,24,6.82,BR,1681407682
221,marawi,7.9986,124.2928,68.86,94,33,2.08,PH,1681407682
222,kununurra,-15.7667,128.7333,75.18,88,93,5.75,AU,1681407682
223,fairbanks,64.8378,-147.7164,11.23,80,0,4.61,US,1681407545
224,souillac,-20.5167,57.5167,77.38,94,40,3.44,MU,1681407683
225,hillsborough,37.5741,-122.3794,60.51,39,20,4.0,US,1681407683
226,san jeronimo,-11.9472,-75.2829,61.92,51,58,3.85,PE,1681407684
227,armidale,-30.5167,151.65,43.41,96,10,2.46,AU,1681407684
228,tateyama,34.9833,139.8667,62.51,66,70,13.51,JP,1681407684
229,farmington,36.7281,-108.2187,63.77,13,0,13.8,US,1681407684
230,bouna,9.2667,-3.0,96.49,26,63,0.74,CI,1681407684
231,port keats,-14.25,129.55,74.84,97,100,7.52,AU,1681407684
232,romanovka,51.7443,42.7527,48.11,79,100,23.91,RU,1681407684
233,cozumel,20.5083,-86.9458,86.07,68,75,8.99,MX,1681407685
234,pevek,69.7008,170.3133,0.1,97,99,1.43,RU,1681407686
235,monforte de lemos,42.5216,-7.5142,50.58,85,92,8.16,ES,1681407686
236,masunga,-20.6246,27.4488,69.46,23,0,7.34,BW,1681407687
237,pisco,-13.7,-76.2167,82.45,57,0,16.11,PE,1681407687
238,dharchula,29.85,80.5333,65.46,33,37,7.87,IN,1681407687
239,jizan,17.3333,42.6667,85.14,59,5,7.99,SA,1681407687
240,yar-sale,66.8333,70.8333,-1.23,90,29,18.23,RU,1681407688
241,hickory,35.7332,-81.3412,79.11,35,0,4.61,US,1681407688
242,diffa,13.3154,12.6113,87.49,11,17,7.83,NE,1681407688
243,sokolo,14.7328,-6.1219,99.5,11,100,7.4,ML,1681407688
244,tambacounda,13.7539,-13.7586,107.65,17,0,4.61,SN,1681407688
245,ati,13.2154,18.3353,90.61,12,8,12.48,TD,1681407689
246,yatou,37.15,122.3833,49.84,85,100,10.71,CN,1681407689
247,east london,-33.0153,27.9116,65.34,68,0,10.36,ZA,1681407689
248,ankang,32.68,109.0172,65.61,67,100,1.28,CN,1681407614
249,udayagiri,20.1333,84.3833,79.93,30,6,3.91,IN,1681407689
250,kaitangata,-46.2817,169.8464,53.49,83,88,12.5,NZ,1681407690
251,nokaneng,-19.6667,22.2667,79.02,29,7,6.11,BW,1681407690
252,novosergiyevka,52.0934,53.6528,52.36,77,100,23.0,RU,1681407690
253,imbituba,-28.24,-48.6703,73.47,86,39,12.12,BR,1681407690
254,saravena,6.9538,-71.8752,93.6,38,98,1.59,CO,1681407691
255,college,64.8569,-147.8028,11.21,79,20,4.61,US,1681407659
256,hay river,60.8156,-115.7999,26.56,93,20,11.5,CA,1681407575
257,labuhan,-6.8844,112.2051,77.68,86,98,11.41,ID,1681407691
258,cheremshanka,56.1192,60.268,25.14,87,98,12.03,RU,1681407691
259,grand-santi,4.25,-54.3833,84.4,75,91,3.65,GF,1681407692
260,bonavista,48.6499,-53.1147,31.73,99,100,17.45,CA,1681407692
261,laguna,38.421,-121.4238,59.14,36,0,16.11,US,1681407692
262,arraial do cabo,-22.9661,-42.0278,87.76,70,0,19.57,BR,1681407692
263,riviere-au-renard,48.9957,-64.3971,52.09,86,75,8.05,CA,1681407693
264,am timan,11.0297,20.2827,94.91,12,10,4.12,TD,1681407693
265,carutapera,-1.195,-46.02,83.59,75,72,7.14,BR,1681407693
266,diapaga,12.0708,1.7889,94.6,28,80,6.78,BF,1681407693
267,gien,47.6933,2.6309,52.56,78,70,7.02,FR,1681407693
268,abomsa,9.9833,39.9833,73.18,55,90,5.55,ET,1681407693
269,lagoa,39.05,-27.9833,62.24,82,100,13.89,PT,1681407694
270,cockburn town,21.4612,-71.1419,78.55,77,47,12.53,TC,1681407675
271,jalu,29.0331,21.5482,74.44,13,0,5.5,LY,1681407694
272,sao joao da barra,-21.6403,-41.0511,86.09,60,22,10.51,BR,1681407694
273,linjiang,41.8069,126.9078,43.29,91,73,1.01,CN,1681407695
274,port hardy,50.6996,-127.4199,42.8,87,100,3.44,CA,1681407695
275,myaundzha,63.0494,147.1858,-4.81,97,22,2.98,RU,1681407695
276,mitsamiouli,-11.3847,43.2844,81.21,76,27,7.29,KM,1681407695
277,puerto ayora,-0.7393,-90.3518,89.56,84,60,5.99,EC,1681407695
278,krasnovishersk,60.4078,57.082,18.86,72,94,7.23,RU,1681407695
279,dalvik,65.9702,-18.5286,44.53,83,100,5.99,IS,1681407695
280,kenitra,34.261,-6.5802,63.36,61,20,14.56,MA,1681407695
281,sfantu gheorghe,45.8667,25.7833,49.73,75,60,2.84,RO,1681407696
282,callaway,30.153,-85.5699,77.99,68,40,14.97,US,1681407696
283,maragheh,37.3917,46.2398,44.87,57,20,2.3,IR,1681407696
284,salalah,17.0151,54.0924,84.29,74,20,5.75,OM,1681407696
285,aksarka,66.5606,67.7975,-17.45,91,9,5.35,RU,1681407696
286,leningradskiy,69.3833,178.4167,-14.13,97,99,5.66,RU,1681407696
287,ancud,-41.8697,-73.8203,60.94,55,18,3.09,CL,1681407696
288,springbok,-29.6643,17.8865,56.17,58,57,5.64,ZA,1681407697
289,naples,40.8333,14.25,59.05,84,75,10.36,IT,1681407697
290,jining,35.405,116.5814,59.36,93,89,2.42,CN,1681407697
291,urusha,54.05,122.9,18.5,94,100,4.05,RU,1681407697
292,korla,41.7597,86.1469,55.54,34,4,6.24,CN,1681407697
293,flinders,-34.5833,150.8552,62.19,90,84,5.99,AU,1681407695
294,naze,28.3667,129.4833,67.12,88,82,12.39,JP,1681407697
295,la ronge,55.1001,-105.2842,41.25,52,40,5.75,CA,1681407697
296,hirara,24.8,125.2833,73.26,100,75,10.36,JP,1681407697
297,vaitape,-16.5167,-151.75,81.19,73,16,10.67,PF,1681407697
298,paulo afonso,-9.4061,-38.2147,94.28,35,94,12.59,BR,1681407698
299,shubarshi,48.5872,57.1869,64.51,30,100,16.2,KZ,1681407698
300,vao,-22.6667,167.4833,74.73,87,100,2.13,NC,1681407674
301,colombo,6.9319,79.8478,83.52,74,29,8.05,LK,1681407698
302,tiznit,29.5833,-9.5,64.27,57,0,10.16,MA,1681407698
303,chivay,-15.6383,-71.6011,63.07,35,19,8.97,PE,1681407698
304,leh,34.1667,77.5833,23.04,45,1,8.37,IN,1681407698
305,oranjemund,-28.55,16.4333,59.32,84,66,9.86,NA,1681407698
306,erenhot,43.6475,111.9767,33.64,38,0,30.09,CN,1681407698
307,kruisfontein,-34.0033,24.7314,63.88,84,5,13.65,ZA,1681407698
308,vila velha,-20.3297,-40.2925,84.15,77,20,13.8,BR,1681407418
309,tambura,5.6,27.4667,68.99,94,99,4.16,SS,1681407698
310,shaunavon,49.6501,-108.4181,31.78,75,100,9.62,CA,1681407699
311,araouane,18.9048,-3.5265,93.16,8,83,8.55,ML,1681407699
312,oxford,51.7522,-1.256,51.96,55,20,14.97,GB,1681407699
313,pedernales,18.0384,-71.744,82.54,76,45,3.62,DO,1681407699
314,ponta do sol,32.6667,-17.1,70.12,70,64,5.7,PT,1681407699
315,alyangula,-13.8483,136.4192,83.97,72,67,8.99,AU,1681407699
316,lakes entrance,-37.8811,147.981,54.16,98,74,1.66,AU,1681407699
317,dingle,10.9995,122.6711,75.43,87,89,3.4,PH,1681407699
318,kumluca,36.3703,30.2869,57.92,70,0,3.38,TR,1681407699
319,svetlogorsk,52.6333,29.7333,45.28,89,100,11.01,BY,1681407699
320,douentza,14.9951,-2.9517,96.87,11,100,6.73,ML,1681407699
321,shakiso,5.75,38.9167,59.52,86,77,3.44,ET,1681407700
322,obzor,42.8167,27.8833,53.28,71,48,3.85,BG,1681407700
323,rio cuarto,-33.1307,-64.3499,58.33,76,75,11.5,AR,1681407511
324,san policarpo,12.1791,125.5072,77.92,91,49,5.53,PH,1681407700
325,port-cartier,50.0334,-66.8654,39.42,54,91,3.06,CA,1681407700
326,kangavar,34.5043,47.9653,43.99,65,46,9.8,IR,1681407700
327,maniitsoq,65.4167,-52.9,31.26,75,59,4.45,GL,1681407700
328,tacuarembo,-31.7333,-55.9833,70.59,36,100,8.37,UY,1681407700
329,gravdal,68.1214,13.5031,41.61,78,1,11.79,NO,1681407700
330,talara,-4.5772,-81.2719,88.56,66,0,9.22,PE,1681407700
331,viedma,-40.8135,-62.9967,57.79,32,2,14.38,AR,1681407701
332,sisimiut,66.9395,-53.6735,30.04,80,19,5.66,GL,1681407701
333,henties bay,-22.116,14.2845,59.85,82,0,8.32,NA,1681407701
334,madang,-5.2246,145.7966,76.41,93,100,3.0,PG,1681407701
335,somvarpet,12.6,75.8667,67.28,91,87,3.18,IN,1681407701
336,filingue,14.3521,3.3168,93.67,11,94,4.27,NE,1681407701
337,clyde river,70.4692,-68.5914,10.63,67,75,19.57,CA,1681407701
338,ninghai,29.2892,121.4247,61.47,99,100,3.18,CN,1681407701
339,saint-augustin,51.226,-58.6502,44.35,56,36,3.98,CA,1681407701
340,vila praia de ancora,41.811,-8.8526,57.11,74,80,18.14,PT,1681407701
341,alice springs,-23.7,133.8833,72.95,43,100,6.91,AU,1681407701
342,esperance,-33.8667,121.9,60.58,88,42,19.98,AU,1681407702
343,tomatlan,19.9333,-105.25,90.55,21,4,9.55,MX,1681407702
344,molinella,44.6213,11.6686,50.32,92,100,12.77,IT,1681407702
345,clinton,42.587,-82.9199,83.25,38,0,10.36,US,1681407416
346,tongliao,43.6125,122.2653,40.15,27,88,5.46,CN,1681407702
347,hami,42.8,93.45,54.36,24,76,3.33,CN,1681407702
348,leninskoye,41.7589,69.3864,65.21,35,23,8.61,KZ,1681407702
349,nome,64.5011,-165.4064,-16.53,91,0,0.0,US,1681407702
350,ardea,41.6123,12.5143,57.0,76,40,16.11,IT,1681407702
351,vallenar,-28.5708,-70.7581,73.78,43,3,11.01,CL,1681407702
352,weligama,5.9667,80.4167,80.01,84,31,6.64,LK,1681407702
353,marienburg,54.0359,19.0266,54.84,79,100,6.44,PL,1681407703
354,pacific grove,36.6177,-121.9166,58.55,63,0,5.99,US,1681407703
355,palmer,42.1584,-72.3287,87.46,27,20,7.0,US,1681407703
356,sarangani,5.4033,125.4636,82.36,71,0,1.92,PH,1681407703
357,mehran,33.1222,46.1646,65.46,48,66,1.01,IR,1681407703
358,stillwater,36.1156,-97.0584,79.11,37,0,20.71,US,1681407703
359,bodaybo,57.8506,114.1933,0.39,98,20,2.04,RU,1681407703
360,te anau,-45.4167,167.7167,47.77,94,78,1.59,NZ,1681407703
361,batagay-alyta,67.8006,130.4114,0.18,93,99,4.41,RU,1681407703
362,outlook,51.5001,-107.0513,42.24,38,100,4.38,CA,1681407703
363,ambatondrazaka,-17.8333,48.4167,66.96,96,85,1.99,MG,1681407703
364,elliot,-31.3333,27.85,53.6,49,100,2.55,ZA,1681407704
365,rumoi,43.9344,141.6428,39.43,88,23,10.04,JP,1681407704
366,banyo,6.75,11.8167,76.6,48,25,3.87,CM,1681407704
367,mariental,-24.6333,17.9667,75.87,6,0,12.97,NA,1681407704
368,puerto madryn,-42.7692,-65.0385,57.29,30,2,8.37,AR,1681407704
369,svetlyy,54.675,20.1347,51.85,89,100,10.45,RU,1681407704
370,tapes,-30.6733,-51.3958,64.58,74,100,6.33,BR,1681407704
371,orotukan,62.2667,151.7,-2.22,99,15,3.29,RU,1681407704
372,raudeberg,61.9875,5.1352,53.87,45,83,13.85,NO,1681407704
373,sao joao do piaui,-8.3581,-42.2467,98.29,24,45,5.66,BR,1681407704
374,oskemen,49.9565,82.6119,37.36,59,87,4.47,KZ,1681407704
375,coquimbo,-29.9533,-71.3436,67.73,68,0,10.36,CL,1681407704
376,manokwari,-0.8667,134.0833,78.49,78,41,2.06,ID,1681407705
377,olinda,-8.0089,-34.8553,83.93,61,40,11.5,BR,1681407705
378,vanavara,60.34,102.2797,28.26,86,100,11.25,RU,1681407705
379,kodino,63.7198,39.6447,18.39,85,0,5.14,RU,1681407705
380,taganak,6.0833,118.3,77.14,73,96,10.33,PH,1681407705
381,tibiri,13.5627,7.0485,100.74,10,77,6.91,NE,1681407705
382,narsaq,60.9167,-46.05,50.22,80,100,1.92,GL,1681407705
383,mangaratiba,-22.9597,-44.0406,85.06,83,24,0.89,BR,1681407705
384,weiser,44.251,-116.9693,46.6,44,14,8.01,US,1681407705
385,fuyang,32.9,115.8167,61.61,96,78,5.41,CN,1681407705
386,rio grande,-32.035,-52.0986,71.71,50,100,9.15,BR,1681407705
387,smidovich,48.6,133.8167,30.97,89,100,10.76,RU,1681407706
388,rexburg,43.826,-111.7897,29.71,65,100,12.66,US,1681407705
389,virginia beach,36.8529,-75.978,85.05,34,0,6.91,US,1681407655
390,teahupoo,-17.8333,-149.2667,73.36,74,1,12.08,PF,1681407706
391,madingou,-4.1536,13.55,76.5,88,34,1.7,CG,1681407706
392,nouadhibou,20.931,-17.0347,76.98,57,75,10.36,MR,1681407706
393,umba,66.6871,34.3429,12.56,88,18,4.18,RU,1681407706
394,beloyarskiy,63.7119,66.6722,-2.11,97,53,4.07,RU,1681407706
395,tevriz,57.509,72.4042,18.59,78,100,10.31,RU,1681407706
396,tuy hoa,13.0833,109.3,76.17,91,77,3.49,VN,1681407706
397,plouzane,48.3833,-4.6167,51.85,71,75,17.27,FR,1681407706
398,tigre,-34.426,-58.5796,68.25,39,0,5.75,AR,1681407707
399,komsomolskiy,40.4272,71.7189,63.32,72,72,4.61,UZ,1681407670
400,kolokani,13.5728,-8.0339,99.45,11,83,9.98,ML,1681407707
401,palana,59.1167,159.9667,2.73,98,100,13.4,RU,1681407707
402,comodoro rivadavia,-45.8667,-67.5,48.06,57,0,5.75,AR,1681407707
403,bambanglipuro,-7.95,110.2833,75.88,92,100,3.09,ID,1681407707
404,pittsburg,38.028,-121.8847,61.05,31,0,4.61,US,1681407707
405,rundu,-17.9333,19.7667,80.42,29,50,3.51,NA,1681407707
406,gorontalo,0.5412,123.0595,75.6,98,37,2.17,ID,1681407707
407,rabo de peixe,37.8,-25.5833,63.91,82,40,10.36,PT,1681407707
408,ilulissat,69.2167,-51.1,26.62,93,75,5.75,GL,1681407707
409,tchamba,9.0333,1.4167,82.71,59,85,5.93,TG,1681407708
410,otjiwarongo,-20.4637,16.6477,72.37,35,10,2.93,NA,1681407708
411,bozeman,45.6796,-111.0386,35.2,87,100,3.0,US,1681407708
412,chimoio,-19.1164,33.4833,73.26,83,40,3.18,MZ,1681407708
413,baruun-urt,46.6806,113.2792,37.38,45,100,14.58,MN,1681407708
414,atbasar,51.8,68.3333,51.82,58,100,3.42,KZ,1681407708
415,namatanai,-3.6667,152.4333,81.27,79,100,13.27,PG,1681407708
416,olavarria,-36.8927,-60.3225,63.21,24,11,10.09,AR,1681407708
417,lundazi,-12.2929,33.1782,65.41,95,100,4.7,ZM,1681407708
418,zhob,31.3411,69.4481,73.51,25,0,1.28,PK,1681407708
419,necochea,-38.5473,-58.7368,58.75,48,93,23.53,AR,1681407709
420,samarai,-10.6167,150.6667,79.27,83,100,11.95,PG,1681407709
421,dezhou,37.4486,116.2925,62.56,73,79,6.04,CN,1681407709
422,arganil,40.2183,-8.054,60.89,57,75,11.77,PT,1681407709
423,thinadhoo,0.5333,72.9333,82.51,74,36,4.36,MV,1681407709
424,shestakovo,56.4915,103.96,23.74,73,71,8.46,RU,1681407709
425,kihei,20.785,-156.4656,74.84,78,0,3.44,US,1681407709
426,axim,4.8699,-2.2405,81.95,80,43,7.36,GH,1681407709
427,touros,-5.1989,-35.4608,82.67,74,100,19.33,BR,1681407709
428,kavaratti,10.5669,72.642,84.09,74,100,9.08,IN,1681407611
429,vardo,70.3705,31.1107,28.38,74,0,27.63,NO,1681407709
430,conneaut,41.9476,-80.5542,81.52,60,13,12.55,US,1681407709
431,guerrero negro,27.9769,-114.0611,59.38,68,99,15.1,MX,1681407710
432,barra do bugres,-15.0725,-57.1811,87.48,63,51,4.34,BR,1681407710
433,chupa,66.27,33.0549,18.39,91,46,5.08,RU,1681407710
434,saint-georges,12.0564,-61.7485,83.88,70,40,17.27,GD,1681407638
435,bassano,50.7834,-112.4685,43.83,43,78,4.34,CA,1681407710
436,benghazi,32.1167,20.0667,66.54,52,0,8.19,LY,1681407710
437,rocha,-34.4833,-54.3333,68.49,37,5,9.44,UY,1681407710
438,ternate,0.8,127.4,81.03,82,20,5.55,ID,1681407710
439,arman,59.7,150.1667,12.02,81,100,8.84,RU,1681407710
440,hamilton,39.1834,-84.5333,80.74,28,0,1.99,US,1681407423
441,mahajanga,-15.7167,46.3167,80.62,83,20,3.44,MG,1681407710
442,tursunzoda,38.5144,68.2333,67.96,35,24,11.56,TJ,1681407710
443,chumikan,54.7183,135.315,13.41,94,97,5.66,RU,1681407710
444,deputatskiy,69.3,139.9,-2.07,99,100,2.15,RU,1681407711
445,sayyan,15.1718,44.3244,58.19,67,97,4.81,YE,1681407711
446,meulaboh,4.1363,96.1285,76.82,89,100,2.93,ID,1681407711
447,zhangjiakou,40.81,114.8794,50.65,30,66,22.97,CN,1681407711
448,taua,-5.9667,-40.3,89.6,40,65,6.46,BR,1681407711
449,victor harbor,-35.5667,138.6167,54.68,87,18,6.38,AU,1681407698
450,ambilobe,-13.2,49.05,73.42,94,43,2.89,MG,1681407711
451,sobolevo,54.4299,31.8996,49.64,68,100,4.27,RU,1681407711
452,upernavik,72.7868,-56.1549,20.34,83,100,3.02,GL,1681407533
453,basmat,19.3167,77.1667,90.66,26,98,2.35,IN,1681407712
454,whitehorse,60.7161,-135.0538,31.1,74,75,12.66,CA,1681407628
455,purranque,-40.9167,-73.1667,68.29,35,7,0.83,CL,1681407712
456,bom jesus da lapa,-13.255,-43.4181,92.75,34,22,3.69,BR,1681407712
457,grindavik,63.8424,-22.4338,46.35,70,100,11.5,IS,1681407712
458,churapcha,62.0025,132.4325,22.28,99,100,1.05,RU,1681407712
459,nantucket,41.2835,-70.0995,77.14,52,0,13.8,US,1681407713
460,brus laguna,15.75,-84.4833,86.79,55,89,6.22,HN,1681407713
461,peace river,56.2501,-117.286,48.51,36,20,13.8,CA,1681407478
462,zheleznodorozhnyy,55.7503,38.0042,55.92,56,72,14.83,RU,1681407713
463,richards bay,-28.783,32.0377,68.77,90,66,6.55,ZA,1681407713
464,karatau,43.1667,70.4667,63.64,45,44,6.04,KZ,1681407713
465,charters towers,-20.1,146.2667,70.75,39,37,5.48,AU,1681407713
466,ambanja,-13.6833,48.45,81.52,73,23,4.68,MG,1681407713
467,plettenberg bay,-34.0527,23.3716,60.4,83,29,7.99,ZA,1681407714
468,serafimovich,49.5786,42.736,53.62,75,100,21.94,RU,1681407714
469,chicama,-7.8447,-79.1469,82.94,62,86,10.33,PE,1681407714
470,yaan,7.3833,8.5667,95.58,33,29,4.34,NG,1681407714
471,sambava,-14.2667,50.1667,76.87,86,44,0.51,MG,1681407417
472,honiara,-9.4333,159.95,80.64,81,98,5.97,SB,1681407714
473,shelopugino,51.6514,117.5599,24.13,86,22,4.0,RU,1681407714
474,dakar,14.6937,-17.4441,94.08,81,87,18.43,SN,1681407416
475,lana,46.6124,11.1559,44.08,80,100,5.46,IT,1681407714
476,tondano,1.3038,124.9112,71.69,85,19,2.1,ID,1681407714
477,udachnyy,66.4167,112.4,2.44,93,44,9.75,RU,1681407715
478,hefei,31.8639,117.2808,64.42,94,72,4.47,CN,1681407715
479,mahanoro,-19.9,48.8,76.77,84,100,3.04,MG,1681407715
480,chuzhou,32.3219,118.2978,60.75,82,93,3.06,CN,1681407715
481,southbridge,42.0751,-72.0334,87.3,37,0,8.01,US,1681407715
482,kashi,39.4547,75.9797,65.41,17,100,4.47,CN,1681407715
483,manjakandriana,-18.9167,47.8,64.09,97,100,1.72,MG,1681407715
484,baghdad,33.3406,44.4009,67.91,45,75,4.61,IQ,1681407651
485,smithers,54.7804,-127.1743,35.92,60,75,2.3,CA,1681407715
486,tubuala,9.5167,-79.0333,80.44,85,42,16.71,PA,1681407715
487,miri,4.4148,114.0089,78.94,89,40,2.3,MY,1681407716
488,guiratinga,-16.3494,-53.7583,85.96,61,78,1.34,BR,1681407716
489,abnub,27.2696,31.1511,73.62,19,0,6.42,EG,1681407716
490,mancio lima,-7.6142,-72.8958,86.07,74,75,9.22,BR,1681407716
491,tabou,4.423,-7.3528,82.92,77,30,10.02,CI,1681407716
492,fort nelson,58.8053,-122.7002,44.19,36,20,9.22,CA,1681407716
493,nishihara,26.1842,127.7558,73.06,88,100,11.5,JP,1681407616
494,tampakan,6.4442,124.9264,74.73,92,0,0.76,PH,1681407716
495,mosquera,4.7059,-74.2302,69.89,40,20,13.8,CO,1681407716
496,ormara,25.2088,64.6357,78.51,83,0,11.5,PK,1681407716
497,hasaki,35.7333,140.8333,58.21,69,5,15.97,JP,1681407717
498,riyadh,24.6877,46.7219,69.94,37,66,13.4,SA,1681407449
499,mizdah,31.4451,12.9801,75.69,12,78,5.44,LY,1681407717
500,kargala,56.6208,83.9607,33.28,94,87,8.28,RU,1681407717
501,key largo,25.0865,-80.4473,84.2,69,5,6.08,US,1681407593
502,lorengau,-2.0226,147.2712,81.32,81,97,12.39,PG,1681407717
503,puerto madero,14.7208,-92.4215,93.4,49,20,0.0,MX,1681407717
504,shimoda,34.6667,138.95,56.1,77,59,8.55,JP,1681407426
505,aquiraz,-3.9014,-38.3911,84.29,81,99,11.27,BR,1681407582
506,pierre,44.3683,-100.351,50.92,62,0,0.0,US,1681407717
507,wangou,42.0623,126.9127,37.83,71,88,1.66,CN,1681407717
508,bowen,-20.0167,148.2333,74.68,91,1,5.99,AU,1681407463
509,luneville,48.6,6.5,53.49,78,73,4.83,FR,1681407717
510,dire,12.2833,-10.9667,103.19,12,44,8.97,ML,1681407718
511,snezhnogorsk,69.1933,33.2531,31.78,85,10,9.84,RU,1681407718
512,batemans bay,-35.7167,150.1833,61.11,98,61,3.11,AU,1681407718
513,miles city,46.4083,-105.8406,43.77,56,100,13.8,US,1681407718
514,piacabucu,-10.4056,-36.4344,82.83,64,100,13.71,BR,1681407582
515,ryotsu,38.0833,138.4333,51.19,70,61,11.1,JP,1681407718
516,bani walid,31.7566,13.9942,79.39,10,71,7.87,LY,1681407718
517,kushiro,42.975,144.3747,39.11,87,5,10.76,JP,1681407718
518,matamoros,25.5333,-103.25,80.11,25,75,0.0,MX,1681407718
519,avera,33.194,-82.5271,69.55,75,96,11.1,US,1681407718
520,bilma,18.6853,12.9164,84.52,8,42,8.12,NE,1681407718
521,mitu,1.1983,-70.1733,81.57,85,100,3.76,CO,1681407718
522,mazagao,-0.115,-51.2894,89.65,68,98,3.04,BR,1681407718
523,banff,51.1762,-115.5698,35.76,51,70,4.61,CA,1681407719
524,calatagan,13.8833,120.65,76.53,84,100,2.33,PH,1681407719
525,kropotkin,45.4375,40.5756,48.47,83,96,21.63,RU,1681407719
526,thio,-21.6167,166.2167,71.56,86,100,2.37,NC,1681407719
527,nadvoitsy,63.8667,34.3167,18.1,88,3,6.06,RU,1681407719
528,margate,51.3813,1.3862,50.9,67,56,5.01,GB,1681407719
529,oussouye,12.485,-16.5469,102.38,46,92,14.07,SN,1681407719
530,jambi,-1.6,103.6167,74.61,96,78,1.7,ID,1681407719
531,simao,22.7886,100.9748,66.06,28,0,1.12,CN,1681407720
532,cabedelo,-6.9811,-34.8339,86.67,68,68,13.82,BR,1681407720
533,port augusta,-32.5,137.7667,58.77,59,16,5.01,AU,1681407720
534,garchitorena,13.8804,123.6946,78.15,84,47,3.29,PH,1681407720
535,port angeles,48.1181,-123.4307,49.21,77,40,5.99,US,1681407720
536,harper,4.375,-7.7169,82.06,78,81,6.33,LR,1681407720
537,sur,22.5667,59.5289,83.91,63,34,5.03,OM,1681407720
538,dinghai,26.2847,119.7936,61.72,95,98,3.49,CN,1681407720
539,coahuayana,18.7333,-103.6833,90.45,33,0,7.47,MX,1681407653
540,zhuji,29.7188,120.2423,62.19,92,88,4.27,CN,1681407721
541,narrabri,-30.3167,149.7833,54.52,87,1,1.01,AU,1681407721
542,ukiah,39.1502,-123.2078,57.52,36,0,6.91,US,1681407614
543,xiaoweizhai,26.1903,107.5125,68.16,98,99,1.57,CN,1681407721
544,los llanos de aridane,28.6585,-17.9182,65.95,64,75,17.27,ES,1681407721
545,alekseyevsk,57.8406,108.3492,9.52,97,21,3.18,RU,1681407721
546,amalapuram,16.5833,82.0167,80.15,76,0,2.59,IN,1681407721
547,kontagora,10.3999,5.4695,95.58,15,9,2.04,NG,1681407721
548,storsteinnes,69.2408,19.2344,45.25,79,13,6.98,NO,1681407721
549,bud,39.447,-86.1758,78.67,31,28,6.31,US,1681407722
550,peniche,39.3558,-9.3811,62.29,61,61,17.05,PT,1681407722
551,gualaquiza,-3.4,-78.55,70.27,86,99,1.07,EC,1681407722
552,nchelenge,-9.3451,28.734,76.89,71,13,13.2,ZM,1681407722
553,kemijarvi,66.7131,27.4306,20.73,95,7,3.33,FI,1681407722
